Length	Charge	Hydrophobicity	Molecular_Weight	Number_of_Cysteines	Number_of_Disulfide_Bridges	Isoelectric_Point	Helix	Turn	Sheet	Flexibility	A	C	D	E	F	G	H	I	K	L	M	N	P	Q	R	S	T	V	W	Y
23	3	8	2311.7892	2	1	9.58	8	6	1	0.347826087	4.347826087	8.695652174	4.347826087	0	4.347826087	26.08695652	0	4.347826087	13.04347826	13.04347826	4.347826087	0	0	0	4.347826087	4.347826087	4.347826087	4.347826087	0	0
38	1	15	4509.9903	0	0	8.303846154	13	5	5	0.342105263	5.263157895	0	7.894736842	7.894736842	7.894736842	5.263157895	0	0	5.263157895	10.52631579	0	2.631578947	7.894736842	5.263157895	13.15789474	7.894736842	2.631578947	5.263157895	2.631578947	2.631578947
22	9	10	2478.1585	0	0	10.5	10	3	3	0.454545455	9.090909091	0	0	0	13.63636364	13.63636364	0	9.090909091	40.90909091	9.090909091	0	0	0	0	0	0	0	4.545454545	0	0
28	2	12	3140.6977	0	0	8.33	10	5	1	0.357142857	3.571428571	0	7.142857143	7.142857143	3.571428571	10.71428571	0	7.142857143	14.28571429	10.71428571	3.571428571	0	7.142857143	3.571428571	7.142857143	0	7.142857143	7.142857143	0	0
50	-3	21	5716.4292	1	0	6.753846154	21	5	6	0.42	8	2	4	12	6	4	0	10	8	2	4	6	6	4	2	6	4	6	0	6
49	5	18	5968.8182	0	0	8.085294118	18	5	7	0.367346939	4.081632653	0	6.12244898	6.12244898	2.040816327	4.081632653	2.040816327	2.040816327	18.36734694	6.12244898	4.081632653	4.081632653	6.12244898	8.163265306	2.040816327	4.081632653	2.040816327	6.12244898	6.12244898	6.12244898
11	4	6	1479.8918	0	0	10.5	7	0	3	0.636363636	0	0	0	0	9.090909091	0	0	9.090909091	36.36363636	27.27272727	0	0	0	0	0	0	0	0	9.090909091	9.090909091
13	6	4	1856.1861	0	0	12.16666667	6	1	4	0.461538462	0	0	0	0	7.692307692	7.692307692	0	7.692307692	7.692307692	0	0	0	0	0	38.46153846	0	0	7.692307692	7.692307692	15.38461538
12	4	7	1583.882	0	0	9.25	6	2	2	0.5	0	0	0	0	0	8.333333333	16.66666667	0	0	33.33333333	0	0	8.333333333	0	16.66666667	0	0	0	16.66666667	0
37	5	14	3838.6055	2	1	9.111111111	14	5	1	0.378378378	13.51351351	5.405405405	0	5.405405405	2.702702703	13.51351351	0	8.108108108	18.91891892	10.81081081	2.702702703	2.702702703	0	2.702702703	0	0	13.51351351	0	0	0
20	-9	7	2247.32	0	0	4.595454545	7	1	0	0.35	0	0	35	15	0	5	0	5	5	20	0	0	0	0	0	5	0	10	0	0
48	0	18	5272.018	3	1	7.5375	17	5	3	0.354166667	6.25	6.25	4.166666667	4.166666667	2.083333333	4.166666667	0	4.166666667	6.25	4.166666667	6.25	8.333333333	6.25	4.166666667	2.083333333	6.25	12.5	8.333333333	0	4.166666667
28	3	7	2964.2143	0	0	9.521428571	5	7	0	0.178571429	3.571428571	0	3.571428571	3.571428571	0	17.85714286	0	0	7.142857143	7.142857143	0	7.142857143	7.142857143	14.28571429	10.71428571	10.71428571	0	7.142857143	0	0
25	1	10	2697.0079	0	0	8.292857143	7	5	1	0.28	4	0	8	4	0	8	0	0	8	16	0	0	12	0	8	20	4	4	4	0
20	2	7	2221.5756	1	0	8.9375	8	1	1	0.4	10	5	0	5	0	5	0	10	15	10	0	5	0	15	0	10	0	5	0	5
28	0	9	3261.5976	0	0	7.67	9	0	1	0.321428571	7.142857143	0	10.71428571	7.142857143	3.571428571	0	0	14.28571429	10.71428571	3.571428571	0	10.71428571	0	7.142857143	7.142857143	3.571428571	10.71428571	3.571428571	0	0
18	7	3	2214.7603	6	3	12.21428571	3	2	1	0.166666667	0	33.33333333	0	0	0	11.11111111	0	5.555555556	5.555555556	0	0	0	0	0	33.33333333	0	0	5.555555556	5.555555556	0
17	7	8	1938.4474	0	0	10.5	8	2	3	0.470588235	11.76470588	0	0	0	17.64705882	11.76470588	0	5.882352941	41.17647059	5.882352941	0	0	0	0	0	0	0	5.882352941	0	0
33	0	14	3469.8128	0	0	7.925	11	8	2	0.333333333	6.060606061	0	6.060606061	3.03030303	3.03030303	12.12121212	0	0	3.03030303	12.12121212	0	12.12121212	12.12121212	0	6.060606061	6.060606061	6.060606061	9.090909091	0	3.03030303
22	1	6	2249.6074	4	2	8.416666667	6	2	1	0.272727273	4.545454545	18.18181818	0	4.545454545	0	9.090909091	0	4.545454545	9.090909091	13.63636364	0	0	0	0	0	31.81818182	0	0	4.545454545	0
25	9	11	3065.7039	0	0	10.66666667	10	3	3	0.4	4	0	0	0	0	0	4	4	20	12	0	0	12	0	12	8	4	8	4	8
43	1	16	5071.581	0	0	6.69	17	1	1	0.395348837	6.976744186	0	9.302325581	6.976744186	0	2.325581395	9.302325581	0	2.325581395	16.27906977	0	2.325581395	0	18.60465116	6.976744186	0	2.325581395	13.95348837	0	2.325581395
12	0	8	1400.6825	1	0	7.375	8	1	3	0.666666667	16.66666667	8.333333333	0	8.333333333	16.66666667	0	0	0	8.333333333	16.66666667	0	0	8.333333333	0	0	0	0	8.333333333	0	8.333333333
25	4	9	2482.9863	2	1	9.733333333	9	6	1	0.36	12	8	4	0	4	24	0	4	16	12	4	0	0	0	4	4	4	0	0	0
23	1	7	2448.7531	1	0	8.66	6	5	1	0.260869565	0	4.347826087	8.695652174	0	4.347826087	17.39130435	0	0	4.347826087	17.39130435	0	0	4.347826087	8.695652174	8.695652174	8.695652174	8.695652174	4.347826087	0	0
25	11	10	2975.6163	1	0	11.18181818	9	2	1	0.36	16	4	0	0	4	4	4	8	16	8	0	0	4	4	24	0	4	0	0	0
19	0	15	1920.212	0	0	7	4	14	2	0.210526316	5.263157895	0	0	0	5.263157895	10.52631579	0	5.263157895	0	0	0	0	63.15789474	5.263157895	0	0	0	0	0	5.263157895
26	3	11	2856.2381	0	0	9.666666667	11	6	5	0.423076923	3.846153846	0	0	0	15.38461538	19.23076923	3.846153846	3.846153846	3.846153846	15.38461538	0	3.846153846	3.846153846	7.692307692	3.846153846	7.692307692	3.846153846	0	0	3.846153846
13	0	5	1554.6818	0	0	6.575	7	0	2	0.538461538	15.38461538	0	15.38461538	0	0	0	7.692307692	7.692307692	0	0	7.692307692	7.692307692	0	0	7.692307692	7.692307692	0	7.692307692	0	15.38461538
11	1	4	1101.1944	1	0	12.5	2	3	0	0.181818182	18.18181818	9.090909091	0	0	0	9.090909091	0	0	0	0	0	9.090909091	18.18181818	9.090909091	9.090909091	9.090909091	9.090909091	0	0	0
15	6	9	1805.4675	0	0	10.5	9	0	0	0.6	0	0	0	0	0	0	0	0	40	60	0	0	0	0	0	0	0	0	0	0
17	6	11	2004.5486	0	0	10.5	11	0	3	0.647058824	23.52941176	0	0	0	11.76470588	0	0	0	35.29411765	23.52941176	0	0	0	0	0	0	0	0	5.882352941	0
35	2	15	4075.7755	0	0	8.6125	16	3	4	0.457142857	5.714285714	0	2.857142857	5.714285714	5.714285714	5.714285714	0	5.714285714	8.571428571	8.571428571	14.28571429	5.714285714	2.857142857	2.857142857	5.714285714	14.28571429	0	0	0	5.714285714
26	4	11	2789.192	0	0	8.25	11	6	4	0.423076923	3.846153846	0	0	0	11.53846154	19.23076923	7.692307692	3.846153846	7.692307692	15.38461538	0	3.846153846	3.846153846	3.846153846	0	7.692307692	3.846153846	3.846153846	0	3.846153846
15	6	9	1805.4675	0	0	10.5	9	0	0	0.6	0	0	0	0	0	0	0	0	40	60	0	0	0	0	0	0	0	0	0	0
50	-2	17	5679.4084	0	0	7.01	13	5	1	0.26	6	0	6	16	2	2	0	4	18	8	6	2	8	6	0	8	8	0	0	0
12	8	2	1564.7977	0	0	9.3125	3	1	2	0.25	8.333333333	0	0	0	8.333333333	8.333333333	25	0	25	0	0	0	0	0	16.66666667	0	0	0	0	8.333333333
17	0	9	1949.3145	0	0	7.7	9	1	1	0.529411765	5.882352941	0	11.76470588	0	0	0	0	11.76470588	5.882352941	23.52941176	5.882352941	0	5.882352941	0	5.882352941	11.76470588	5.882352941	0	0	5.882352941
29	0	9	3232.538	1	0	7.905	10	4	3	0.344827586	10.34482759	3.448275862	6.896551724	10.34482759	3.448275862	10.34482759	0	3.448275862	6.896551724	3.448275862	0	3.448275862	3.448275862	0	10.34482759	6.896551724	3.448275862	6.896551724	0	6.896551724
41	-1	12	4557.9139	1	0	5.768181818	12	6	3	0.292682927	0	2.43902439	7.317073171	7.317073171	0	7.317073171	7.317073171	7.317073171	4.87804878	9.756097561	0	9.756097561	7.317073171	0	0	12.19512195	4.87804878	4.87804878	0	7.317073171
34	-1	14	3688.1445	2	1	6.411111111	13	1	1	0.382352941	11.76470588	5.882352941	8.823529412	5.882352941	0	0	2.941176471	11.76470588	8.823529412	5.882352941	0	5.882352941	2.941176471	0	0	8.823529412	11.76470588	5.882352941	2.941176471	0
8	3	2	1070.2102	0	0	10.78	2	0	0	0.25	12.5	0	12.5	0	0	0	0	0	0	12.5	0	0	0	12.5	50	0	0	0	0	0
32	0	14	3636.1124	0	0	6.958333333	15	1	3	0.46875	3.125	0	0	9.375	6.25	3.125	3.125	12.5	3.125	9.375	0	6.25	0	6.25	3.125	12.5	6.25	12.5	0	3.125
5	-1	2	622.6672	0	0	4.25	3	0	1	0.6	20	0	0	20	0	0	0	20	0	0	0	0	0	20	0	0	0	0	0	20
15	-1	6	1751.893	0	0	4.716666667	6	1	1	0.4	6.666666667	0	6.666666667	6.666666667	0	6.666666667	6.666666667	6.666666667	0	13.33333333	0	6.666666667	0	20	0	0	6.666666667	6.666666667	6.666666667	0
46	-3	22	5060.7703	0	0	6.333333333	22	4	3	0.47826087	8.695652174	0	10.86956522	8.695652174	4.347826087	6.52173913	2.173913043	6.52173913	10.86956522	10.86956522	2.173913043	2.173913043	2.173913043	2.173913043	0	2.173913043	4.347826087	13.04347826	0	2.173913043
40	8	16	5012.6093	0	0	10.14	17	2	8	0.425	5	0	2.5	0	10	0	5	2.5	2.5	7.5	0	15	5	2.5	15	5	5	7.5	2.5	7.5
12	4	7	1702.0128	0	0	11.5	6	2	6	0.5	0	0	0	0	33.33333333	8.333333333	0	0	16.66666667	0	0	0	8.333333333	0	16.66666667	0	0	0	16.66666667	0
30	3	9	3561.9811	2	1	8.361111111	9	2	4	0.3	6.666666667	6.666666667	0	10	6.666666667	3.333333333	3.333333333	0	10	3.333333333	3.333333333	10	3.333333333	3.333333333	6.666666667	10	3.333333333	3.333333333	3.333333333	3.333333333
21	2	8	2444.8307	2	1	8.275	8	1	1	0.380952381	9.523809524	9.523809524	4.761904762	4.761904762	0	0	4.761904762	9.523809524	4.761904762	9.523809524	0	0	4.761904762	9.523809524	9.523809524	4.761904762	4.761904762	4.761904762	0	4.761904762
29	3	14	3145.5086	1	0	8	13	2	3	0.448275862	20.68965517	3.448275862	0	6.896551724	10.34482759	3.448275862	6.896551724	3.448275862	3.448275862	6.896551724	0	6.896551724	3.448275862	0	6.896551724	10.34482759	3.448275862	3.448275862	0	0
19	4	9	2016.4699	0	0	10.5	9	2	1	0.473684211	5.263157895	0	0	0	5.263157895	10.52631579	0	10.52631579	21.05263158	15.78947368	0	5.263157895	0	0	0	10.52631579	5.263157895	10.52631579	0	0
29	0	10	3303.6721	0	0	7.5375	10	1	3	0.344827586	0	0	6.896551724	6.896551724	10.34482759	3.448275862	0	3.448275862	10.34482759	3.448275862	0	6.896551724	0	3.448275862	3.448275862	6.896551724	17.24137931	17.24137931	0	0
29	2	10	3220.5901	0	0	9.083333333	10	4	2	0.344827586	3.448275862	0	0	6.896551724	0	6.896551724	0	0	6.896551724	13.79310345	0	13.79310345	6.896551724	0	6.896551724	10.34482759	6.896551724	10.34482759	0	6.896551724
42	2	19	4817.421	0	0	9.31875	20	4	6	0.476190476	9.523809524	0	4.761904762	2.380952381	7.142857143	7.142857143	0	4.761904762	0	11.9047619	0	2.380952381	2.380952381	7.142857143	11.9047619	7.142857143	7.142857143	7.142857143	2.380952381	4.761904762
19	-1	8	2137.3879	0	0	6.333333333	8	2	2	0.421052632	5.263157895	0	0	10.52631579	5.263157895	5.263157895	0	5.263157895	5.263157895	10.52631579	0	5.263157895	5.263157895	10.52631579	0	5.263157895	10.52631579	10.52631579	0	5.263157895
7	-2	3	775.8673	1	0	4.25	2	1	0	0.285714286	0	14.28571429	0	28.57142857	0	0	0	14.28571429	0	0	0	0	14.28571429	0	0	14.28571429	0	14.28571429	0	0
39	-2	17	4250.6555	0	0	6.44375	11	8	2	0.282051282	5.128205128	0	5.128205128	7.692307692	2.564102564	5.128205128	2.564102564	5.128205128	0	5.128205128	2.564102564	0	15.38461538	5.128205128	5.128205128	10.25641026	15.38461538	5.128205128	2.564102564	0
6	-2	1	670.6886	1	0	4.25	2	1	1	0.333333333	16.66666667	16.66666667	0	33.33333333	0	16.66666667	0	0	0	0	0	0	0	0	0	0	0	0	0	16.66666667
34	3	15	3647.147	0	0	9.757142857	15	4	2	0.441176471	14.70588235	0	5.882352941	0	2.941176471	8.823529412	0	5.882352941	2.941176471	11.76470588	0	0	2.941176471	5.882352941	11.76470588	5.882352941	11.76470588	5.882352941	0	2.941176471
9	-1	4	1094.1734	0	0	4.716666667	5	0	2	0.555555556	11.11111111	0	11.11111111	11.11111111	11.11111111	0	11.11111111	0	0	11.11111111	0	0	0	0	0	0	11.11111111	11.11111111	0	11.11111111
35	5	22	4166.0913	0	0	8.271428571	21	6	8	0.6	2.857142857	0	2.857142857	0	14.28571429	11.42857143	5.714285714	14.28571429	11.42857143	11.42857143	5.714285714	0	5.714285714	0	0	0	2.857142857	2.857142857	5.714285714	2.857142857
29	2	10	3132.3981	0	0	8.365	3	7	0	0.103448276	10.34482759	0	3.448275862	10.34482759	0	0	0	0	13.79310345	0	0	3.448275862	24.13793103	3.448275862	6.896551724	13.79310345	10.34482759	0	0	0
36	0	15	3984.4648	0	0	6.335	16	2	3	0.444444444	11.11111111	0	11.11111111	2.777777778	2.777777778	2.777777778	5.555555556	5.555555556	8.333333333	8.333333333	5.555555556	2.777777778	2.777777778	0	0	8.333333333	11.11111111	5.555555556	0	5.555555556
37	-1	12	4162.6993	1	0	6.45	12	3	0	0.324324324	2.702702703	2.702702703	13.51351351	8.108108108	0	8.108108108	5.405405405	5.405405405	13.51351351	18.91891892	2.702702703	2.702702703	0	8.108108108	0	5.405405405	0	2.702702703	0	0
50	3	17	5910.6297	0	0	7.21	18	4	5	0.36	4	0	2	10	4	4	6	2	10	4	6	6	4	10	2	4	6	10	0	6
28	0	11	3132.5083	1	0	7.01875	10	5	2	0.357142857	14.28571429	3.571428571	3.571428571	10.71428571	0	10.71428571	3.571428571	0	7.142857143	3.571428571	7.142857143	0	7.142857143	10.71428571	3.571428571	0	3.571428571	3.571428571	3.571428571	3.571428571
17	9	6	2376.9802	2	1	10.94444444	6	0	4	0.352941176	0	11.76470588	0	0	0	0	0	0	41.17647059	0	0	0	0	0	11.76470588	0	0	11.76470588	23.52941176	0
37	2	15	4304.7616	1	0	7.4	13	6	5	0.351351351	2.702702703	2.702702703	8.108108108	0	5.405405405	8.108108108	5.405405405	2.702702703	2.702702703	0	5.405405405	13.51351351	8.108108108	2.702702703	5.405405405	2.702702703	5.405405405	10.81081081	5.405405405	2.702702703
37	2	14	3894.6653	2	1	8.15625	14	6	1	0.378378378	5.405405405	5.405405405	0	8.108108108	2.702702703	16.21621622	0	8.108108108	13.51351351	16.21621622	2.702702703	0	0	5.405405405	0	0	13.51351351	2.702702703	0	0
8	3	1	921.0153	0	0	11.83333333	1	2	1	0.125	0	0	0	0	12.5	25	0	0	12.5	0	0	12.5	0	0	25	12.5	0	0	0	0
10	-1	3	1102.1758	1	0	4.833333333	3	0	0	0.3	10	10	0	20	0	0	10	0	0	10	0	10	0	0	0	10	10	10	0	0
14	0	7	1565.8156	1	0	8.2	6	2	1	0.428571429	14.28571429	7.142857143	14.28571429	0	7.142857143	7.142857143	0	0	0	14.28571429	7.142857143	0	7.142857143	0	14.28571429	0	7.142857143	0	0	0
37	7	19	4003.7843	0	0	9.877272727	18	5	2	0.486486486	13.51351351	0	2.702702703	2.702702703	2.702702703	10.81081081	0	10.81081081	16.21621622	0	0	2.702702703	2.702702703	2.702702703	8.108108108	0	2.702702703	18.91891892	2.702702703	0
18	2	4	1981.2604	2	1	9.025	4	4	1	0.222222222	5.555555556	11.11111111	5.555555556	5.555555556	0	16.66666667	0	5.555555556	11.11111111	5.555555556	0	0	5.555555556	5.555555556	11.11111111	5.555555556	0	0	0	5.555555556
14	-3	1	1496.4442	0	0	5.36	1	1	0	0.071428571	0	0	14.28571429	14.28571429	0	7.142857143	0	0	7.142857143	0	0	0	0	14.28571429	0	28.57142857	7.142857143	7.142857143	0	0
23	0	10	2633.0284	0	0	7.58125	10	1	1	0.434782609	13.04347826	0	4.347826087	13.04347826	4.347826087	4.347826087	0	8.695652174	13.04347826	13.04347826	4.347826087	4.347826087	0	8.695652174	4.347826087	4.347826087	0	0	0	0
34	3	17	3965.6271	1	0	8.513636364	15	2	3	0.441176471	11.76470588	2.941176471	2.941176471	8.823529412	8.823529412	0	2.941176471	5.882352941	5.882352941	2.941176471	5.882352941	0	5.882352941	2.941176471	11.76470588	5.882352941	5.882352941	8.823529412	0	0
17	0	7	1964.2464	0	0	7.65	7	1	1	0.411764706	11.76470588	0	5.882352941	11.76470588	5.882352941	5.882352941	0	5.882352941	11.76470588	11.76470588	5.882352941	0	0	11.76470588	5.882352941	5.882352941	0	0	0	0
5	1	3	576.7495	0	0	10.5	3	0	0	0.6	0	0	0	0	0	0	0	0	20	20	20	0	0	0	0	20	0	20	0	0
49	3	17	5771.4531	0	0	7.814705882	18	4	6	0.367346939	6.12244898	0	8.163265306	6.12244898	6.12244898	4.081632653	2.040816327	8.163265306	14.28571429	4.081632653	0	8.163265306	4.081632653	6.12244898	4.081632653	2.040816327	4.081632653	6.12244898	0	6.12244898
40	8	14	4516.4273	3	1	9.416666667	14	4	2	0.35	10	7.5	0	5	0	5	2.5	7.5	17.5	2.5	7.5	5	5	0	5	2.5	10	2.5	0	5
27	1	10	3252.7611	1	0	8.392857143	10	2	2	0.37037037	0	3.703703704	0	11.11111111	0	0	0	7.407407407	7.407407407	18.51851852	3.703703704	11.11111111	7.407407407	3.703703704	7.407407407	11.11111111	0	0	0	7.407407407
13	1	3	1306.4888	1	0	8.966666667	3	3	0	0.230769231	0	7.692307692	7.692307692	0	0	23.07692308	0	7.692307692	7.692307692	15.38461538	0	0	0	0	7.692307692	15.38461538	7.692307692	0	0	0
11	-1	4	1139.1728	0	0	4.716666667	3	2	0	0.272727273	9.090909091	0	9.090909091	9.090909091	0	9.090909091	9.090909091	0	0	18.18181818	0	9.090909091	9.090909091	0	0	18.18181818	0	0	0	0
31	1	10	3669.9914	1	0	8.914285714	11	1	3	0.35483871	6.451612903	3.225806452	3.225806452	6.451612903	0	0	0	0	0	6.451612903	0	9.677419355	3.225806452	9.677419355	12.90322581	12.90322581	3.225806452	12.90322581	3.225806452	6.451612903
6	2	3	819.026	0	0	10.5	3	0	1	0.5	0	0	0	0	0	0	0	16.66666667	33.33333333	0	16.66666667	16.66666667	0	0	0	0	0	0	16.66666667	0
22	1	14	2508.9142	0	0	9.2	10	4	2	0.454545455	9.090909091	0	0	9.090909091	9.090909091	0	0	4.545454545	0	13.63636364	0	4.545454545	18.18181818	0	13.63636364	9.090909091	0	9.090909091	0	0
28	6	19	2861.5565	0	0	10.5	19	1	1	0.678571429	32.14285714	0	0	0	0	3.571428571	0	0	21.42857143	21.42857143	0	3.571428571	0	0	0	0	3.571428571	10.71428571	3.571428571	0
16	11	5	2268.8475	0	0	11.59090909	5	0	2	0.3125	0	0	0	0	6.25	0	0	6.25	31.25	12.5	0	0	0	0	37.5	0	0	0	6.25	0
32	3	14	3234.5027	0	0	12.5	2	18	0	0.0625	6.25	0	0	0	0	18.75	0	0	0	0	0	3.125	37.5	21.875	9.375	3.125	0	0	0	0
41	4	20	4616.2029	0	0	9.58125	21	5	7	0.512195122	14.63414634	0	2.43902439	2.43902439	9.756097561	9.756097561	2.43902439	4.87804878	0	9.756097561	0	0	2.43902439	4.87804878	12.19512195	9.756097561	2.43902439	4.87804878	2.43902439	4.87804878
16	1	8	1789.1467	0	0	8.33	7	3	1	0.4375	0	0	6.25	6.25	6.25	12.5	0	6.25	12.5	12.5	6.25	0	6.25	0	6.25	6.25	0	12.5	0	0
17	7	6	2027.4644	2	1	9.5	7	1	2	0.411764706	11.76470588	11.76470588	0	0	0	5.882352941	11.76470588	5.882352941	23.52941176	0	0	0	0	0	5.882352941	0	0	11.76470588	5.882352941	5.882352941
49	0	28	5239.0325	1	0	6.985	24	7	4	0.489795918	12.24489796	2.040816327	8.163265306	2.040816327	6.12244898	6.12244898	2.040816327	2.040816327	6.12244898	12.24489796	2.040816327	4.081632653	8.163265306	2.040816327	2.040816327	6.12244898	2.040816327	12.24489796	2.040816327	0
30	1	14	3332.7811	1	0	7.405555556	14	4	3	0.466666667	13.33333333	3.333333333	3.333333333	10	0	3.333333333	3.333333333	0	10	3.333333333	0	3.333333333	10	0	3.333333333	3.333333333	0	20	0	10
35	3	18	3779.3707	0	0	10.33333333	16	7	3	0.457142857	11.42857143	0	0	0	0	11.42857143	2.857142857	2.857142857	0	20	2.857142857	0	8.571428571	5.714285714	5.714285714	5.714285714	14.28571429	0	5.714285714	2.857142857
11	-3	3	1148.1748	0	0	4.25	2	2	0	0.181818182	0	0	0	27.27272727	0	9.090909091	0	0	0	0	0	0	9.090909091	0	0	9.090909091	27.27272727	18.18181818	0	0
11	0	2	1234.3138	0	0	7.375	2	0	0	0.181818182	18.18181818	0	0	27.27272727	0	0	0	0	27.27272727	0	0	9.090909091	0	0	0	9.090909091	9.090909091	0	0	0
35	2	6	3800.1782	2	1	7.710714286	5	8	2	0.142857143	0	5.714285714	8.571428571	8.571428571	5.714285714	20	2.857142857	5.714285714	14.28571429	0	2.857142857	2.857142857	2.857142857	2.857142857	5.714285714	8.571428571	2.857142857	0	0	0
18	8	3	2285.8813	6	3	12	3	1	1	0.166666667	0	33.33333333	0	0	0	5.555555556	0	5.555555556	11.11111111	0	0	0	0	0	33.33333333	0	0	5.555555556	5.555555556	0
11	4	7	1502.9285	0	0	10.5	7	0	3	0.636363636	0	0	0	0	9.090909091	0	0	9.090909091	36.36363636	27.27272727	0	0	0	0	0	0	0	0	18.18181818	0
43	0	15	4595.0071	1	0	6.70625	13	7	2	0.302325581	9.302325581	2.325581395	2.325581395	6.976744186	2.325581395	9.302325581	4.651162791	0	0	2.325581395	6.976744186	2.325581395	6.976744186	9.302325581	4.651162791	11.62790698	9.302325581	6.976744186	0	2.325581395
46	1	19	5145.7138	1	0	6.066666667	19	6	6	0.413043478	4.347826087	2.173913043	8.695652174	0	4.347826087	8.695652174	6.52173913	2.173913043	4.347826087	15.2173913	0	2.173913043	4.347826087	6.52173913	0	10.86956522	4.347826087	6.52173913	4.347826087	4.347826087
25	1	7	2785.0976	2	1	8.73	7	6	4	0.28	4	8	4	4	8	16	0	0	4	0	4	4	8	4	8	4	8	4	0	8
6	-2	1	590.5808	0	0	4.25	1	2	0	0.166666667	0	0	0	33.33333333	0	33.33333333	0	16.66666667	0	0	0	0	0	0	0	16.66666667	0	0	0	0
11	4	5	1322.6007	0	0	11	3	3	1	0.272727273	0	0	0	0	0	9.090909091	0	0	27.27272727	0	0	0	18.18181818	9.090909091	9.090909091	0	0	18.18181818	9.090909091	0
47	5	26	4772.5927	0	0	7.333333333	23	8	0	0.489361702	12.76595745	0	0	4.255319149	0	10.63829787	8.510638298	4.255319149	4.255319149	21.27659574	0	0	6.382978723	2.127659574	2.127659574	8.510638298	4.255319149	10.63829787	0	0
17	7	9	1994.5537	0	0	10.5	9	1	3	0.529411765	11.76470588	0	0	0	17.64705882	5.882352941	0	5.882352941	41.17647059	11.76470588	0	0	0	0	0	0	0	5.882352941	0	0
13	4	7	1424.8566	0	0	10.5	7	1	0	0.538461538	7.692307692	0	0	0	0	7.692307692	0	15.38461538	30.76923077	30.76923077	0	0	0	0	0	7.692307692	0	0	0	0
18	6	6	2147.6478	0	0	9.71875	6	2	2	0.333333333	0	0	0	5.555555556	11.11111111	11.11111111	0	11.11111111	38.88888889	11.11111111	0	5.555555556	0	5.555555556	0	0	0	0	0	0
22	1	10	2762.1633	0	0	9.083333333	12	0	5	0.545454545	0	0	0	4.545454545	9.090909091	0	0	13.63636364	4.545454545	9.090909091	0	9.090909091	0	9.090909091	4.545454545	9.090909091	4.545454545	9.090909091	4.545454545	9.090909091
25	11	10	2905.5232	1	0	11	9	2	1	0.36	20	4	0	0	4	4	4	8	20	4	0	0	4	4	20	0	4	0	0	0
16	2	10	1725.1046	0	0	8.85	9	1	0	0.5625	25	0	6.25	0	0	0	0	0	18.75	18.75	6.25	0	6.25	12.5	0	0	0	6.25	0	0
21	-3	11	2309.5465	0	0	4.016666667	9	3	2	0.428571429	9.523809524	0	9.523809524	4.761904762	4.761904762	0	0	0	0	14.28571429	4.761904762	0	14.28571429	9.523809524	0	14.28571429	4.761904762	4.761904762	0	4.761904762
6	-3	0	638.536	0	0	4.016666667	0	0	0	0	0	0	33.33333333	16.66666667	0	0	0	0	0	0	0	0	0	0	0	50	0	0	0	0
11	2	3	1237.4315	1	0	12.5	4	2	1	0.363636364	0	9.090909091	0	0	0	18.18181818	0	0	0	18.18181818	0	9.090909091	0	0	18.18181818	9.090909091	0	9.090909091	0	9.090909091
33	5	10	3744.2658	0	0	8.95	9	6	2	0.272727273	9.090909091	0	0	15.15151515	3.03030303	12.12121212	0	0	18.18181818	6.060606061	0	0	6.060606061	3.03030303	12.12121212	3.03030303	3.03030303	6.060606061	0	3.03030303
46	5	18	4624.0204	0	0	10.8	0	29	0	0	0	0	0	0	0	23.91304348	2.173913043	0	2.173913043	0	0	0	39.13043478	23.91304348	6.52173913	2.173913043	0	0	0	0
17	0	8	1774.8868	0	0	7.7875	6	4	2	0.352941176	23.52941176	0	5.882352941	5.882352941	5.882352941	11.76470588	0	0	5.882352941	0	0	0	11.76470588	5.882352941	5.882352941	11.76470588	0	0	5.882352941	0
15	-2	4	1522.7645	4	2	3.9	4	1	0	0.266666667	6.666666667	26.66666667	13.33333333	0	0	6.666666667	0	0	0	13.33333333	6.666666667	0	0	0	0	13.33333333	13.33333333	0	0	0
26	2	10	3042.4502	2	1	8.09375	10	0	3	0.384615385	11.53846154	7.692307692	0	11.53846154	11.53846154	0	3.846153846	7.692307692	7.692307692	3.846153846	0	7.692307692	0	3.846153846	7.692307692	7.692307692	3.846153846	3.846153846	0	0
37	-1	12	4114.4463	1	0	6.669230769	11	2	1	0.297297297	8.108108108	2.702702703	8.108108108	10.81081081	0	2.702702703	5.405405405	0	5.405405405	8.108108108	2.702702703	0	2.702702703	5.405405405	5.405405405	18.91891892	2.702702703	8.108108108	2.702702703	0
25	1	13	3028.5061	2	1	6.6	12	2	4	0.48	0	8	0	8	4	0	8	0	0	12	0	0	8	4	4	8	4	20	8	4
20	0	9	2180.4558	0	0	7.375	9	2	2	0.45	15	0	0	10	5	5	0	5	10	10	0	5	5	5	0	5	10	5	0	5
34	-2	9	3921.1791	1	0	6.8125	8	2	2	0.235294118	2.941176471	2.941176471	0	20.58823529	2.941176471	2.941176471	2.941176471	0	5.882352941	5.882352941	0	5.882352941	2.941176471	5.882352941	5.882352941	17.64705882	2.941176471	8.823529412	2.941176471	0
48	24	24	6581.0106	0	0	12.5	24	0	5	0.5	0	0	0	0	0	0	0	0	0	0	0	0	0	0	50	0	0	39.58333333	10.41666667	0
6	-1	1	649.648	0	0	4.25	1	0	0	0.166666667	0	0	0	16.66666667	0	0	0	16.66666667	0	0	0	16.66666667	0	0	0	33.33333333	16.66666667	0	0	0
15	0	5	1761.9725	0	0	7.65	5	1	1	0.333333333	6.666666667	0	6.666666667	13.33333333	6.666666667	6.666666667	0	6.666666667	13.33333333	13.33333333	0	0	0	13.33333333	6.666666667	6.666666667	0	0	0	0
11	-4	2	1207.1592	0	0	5.508333333	2	1	0	0.181818182	9.090909091	0	18.18181818	27.27272727	0	9.090909091	0	0	0	9.090909091	0	0	0	0	9.090909091	18.18181818	0	0	0	0
28	6	12	3443.074	0	0	10.05	11	2	4	0.392857143	3.571428571	0	0	7.142857143	10.71428571	0	0	3.571428571	14.28571429	10.71428571	3.571428571	0	7.142857143	3.571428571	14.28571429	14.28571429	0	3.571428571	0	3.571428571
49	-5	12	5486.8791	2	1	6.757894737	11	3	1	0.224489796	4.081632653	4.081632653	12.24489796	12.24489796	2.040816327	4.081632653	0	0	8.163265306	10.20408163	0	2.040816327	2.040816327	8.163265306	6.12244898	12.24489796	6.12244898	6.12244898	0	0
43	-1	23	4665.4314	1	0	6.807692308	22	2	1	0.511627907	13.95348837	2.325581395	11.62790698	4.651162791	2.325581395	2.325581395	2.325581395	6.976744186	9.302325581	13.95348837	2.325581395	0	2.325581395	4.651162791	2.325581395	4.651162791	2.325581395	11.62790698	0	0
23	-9	5	2585.6148	0	0	5.130769231	5	1	0	0.217391304	8.695652174	0	13.04347826	34.7826087	0	4.347826087	0	0	8.695652174	4.347826087	4.347826087	0	0	0	0	4.347826087	13.04347826	4.347826087	0	0
17	2	12	1861.3136	0	0	10.5	11	1	2	0.647058824	11.76470588	0	0	0	11.76470588	0	0	23.52941176	11.76470588	17.64705882	0	0	5.882352941	0	0	17.64705882	0	0	0	0
32	6	11	3438.7675	0	0	9.3	8	8	3	0.25	9.375	0	3.125	0	6.25	12.5	6.25	0	6.25	3.125	0	3.125	12.5	3.125	9.375	9.375	9.375	3.125	0	3.125
31	-2	12	3473.8017	0	0	7.315	11	4	2	0.35483871	6.451612903	0	3.225806452	16.12903226	3.225806452	9.677419355	0	9.677419355	3.225806452	6.451612903	0	6.451612903	3.225806452	0	9.677419355	9.677419355	3.225806452	6.451612903	3.225806452	0
12	0	5	1387.5366	0	0	6.1625	6	0	1	0.5	16.66666667	0	8.333333333	8.333333333	0	0	8.333333333	16.66666667	8.333333333	8.333333333	0	8.333333333	0	0	0	0	8.333333333	0	0	8.333333333
27	2	10	2989.5134	0	0	8.3625	9	8	2	0.333333333	0	0	3.703703704	7.407407407	0	22.22222222	0	0	14.81481481	14.81481481	7.407407407	0	7.407407407	3.703703704	3.703703704	0	3.703703704	3.703703704	3.703703704	3.703703704
24	3	16	2797.3005	0	0	10.5	11	5	3	0.458333333	12.5	0	0	0	0	0	0	0	12.5	8.333333333	0	0	20.83333333	16.66666667	0	0	4.166666667	12.5	12.5	0
38	6	10	4361.9375	2	1	8.325	12	6	5	0.315789474	7.894736842	5.263157895	2.631578947	5.263157895	2.631578947	10.52631579	5.263157895	2.631578947	15.78947368	2.631578947	2.631578947	2.631578947	5.263157895	7.894736842	2.631578947	5.263157895	0	2.631578947	0	10.52631579
50	4	15	6188.0549	0	0	8.43	18	5	6	0.36	0	0	8	8	0	4	0	12	14	10	0	6	6	4	10	2	2	2	0	12
46	5	18	4878.8222	2	1	8.18	18	9	3	0.391304348	4.347826087	4.347826087	6.52173913	4.347826087	6.52173913	19.56521739	2.173913043	13.04347826	17.39130435	4.347826087	2.173913043	0	0	0	2.173913043	0	4.347826087	8.695652174	0	0
10	0	5	1047.2262	0	0	7	5	1	0	0.5	0	0	0	0	0	10	0	10	0	0	10	10	0	10	0	10	10	30	0	0
14	4	3	1486.6992	1	0	10.375	3	2	0	0.214285714	0	7.142857143	0	0	0	14.28571429	7.142857143	0	7.142857143	14.28571429	0	0	0	0	14.28571429	28.57142857	0	7.142857143	0	0
24	13	11	3400.1071	0	0	12.5	11	0	3	0.458333333	0	0	0	0	0	0	0	0	0	0	0	0	0	0	54.16666667	0	0	33.33333333	12.5	0
24	3	8	2867.2017	0	0	8.544444444	7	2	3	0.291666667	0	0	4.166666667	8.333333333	8.333333333	4.166666667	4.166666667	0	8.333333333	8.333333333	4.166666667	0	4.166666667	0	12.5	25	0	4.166666667	4.166666667	0
32	4	16	3324.857	0	0	11.5	7	13	0	0.21875	6.25	0	0	0	0	12.5	0	0	6.25	3.125	9.375	3.125	28.125	12.5	6.25	9.375	0	3.125	0	0
25	3	6	3097.3582	0	0	7.3	7	2	3	0.28	4	0	8	8	4	4	12	0	8	12	0	0	4	12	8	4	4	0	0	8
6	0	2	744.8367	0	0	7.7	2	0	0	0.333333333	0	0	33.33333333	0	0	0	0	0	16.66666667	16.66666667	0	0	0	0	16.66666667	0	0	16.66666667	0	0
17	8	8	1975.5522	0	0	10.5	8	1	2	0.470588235	11.76470588	0	0	0	11.76470588	5.882352941	0	5.882352941	47.05882353	11.76470588	0	0	0	0	0	0	0	5.882352941	0	0
22	0	9	2183.3985	0	0	6.1625	8	4	0	0.363636364	13.63636364	0	4.545454545	4.545454545	0	13.63636364	4.545454545	0	4.545454545	9.090909091	4.545454545	0	4.545454545	9.090909091	0	13.63636364	4.545454545	9.090909091	0	0
17	2	5	2002.3424	2	1	9.025	6	0	1	0.352941176	5.882352941	11.76470588	5.882352941	5.882352941	0	0	0	0	11.76470588	5.882352941	5.882352941	5.882352941	0	0	11.76470588	11.76470588	0	11.76470588	0	5.882352941
11	1	6	1264.495	1	0	9.083333333	4	3	2	0.363636364	9.090909091	9.090909091	0	9.090909091	18.18181818	9.090909091	0	9.090909091	9.090909091	0	0	0	18.18181818	0	9.090909091	0	0	0	0	0
28	3	12	3397.8863	0	0	8.695454545	9	3	1	0.321428571	0	0	3.571428571	10.71428571	0	0	3.571428571	0	3.571428571	14.28571429	0	0	10.71428571	3.571428571	17.85714286	7.142857143	7.142857143	14.28571429	3.571428571	0
21	0	7	2436.5967	0	0	6.61875	5	2	0	0.238095238	4.761904762	0	14.28571429	4.761904762	0	0	9.523809524	0	0	4.761904762	9.523809524	9.523809524	9.523809524	4.761904762	9.523809524	14.28571429	0	4.761904762	0	0
31	1	8	3388.6494	0	0	6.713636364	8	1	1	0.258064516	3.225806452	0	12.90322581	3.225806452	3.225806452	3.225806452	6.451612903	3.225806452	12.90322581	9.677419355	0	0	0	6.451612903	0	22.58064516	6.451612903	6.451612903	0	0
5	3	2	677.7988	0	0	10.33333333	1	1	0	0.2	0	0	0	0	0	0	20	20	0	0	0	0	20	0	40	0	0	0	0	0
17	6	11	2004.5486	0	0	10.5	11	0	3	0.647058824	23.52941176	0	0	0	11.76470588	0	0	0	35.29411765	23.52941176	0	0	0	0	0	0	0	0	5.882352941	0
22	3	7	2465.8268	1	0	9.235714286	8	1	1	0.363636364	13.63636364	4.545454545	4.545454545	4.545454545	0	4.545454545	0	0	13.63636364	18.18181818	0	9.090909091	0	0	9.090909091	4.545454545	9.090909091	0	0	4.545454545
18	6	6	2147.6478	0	0	9.71875	6	2	2	0.333333333	0	0	0	5.555555556	11.11111111	11.11111111	0	11.11111111	38.88888889	11.11111111	0	5.555555556	0	5.555555556	0	0	0	0	0	0
23	-2	9	2391.6769	0	0	6.55	9	4	0	0.391304348	8.695652174	0	8.695652174	8.695652174	0	17.39130435	0	13.04347826	4.347826087	0	8.695652174	0	0	8.695652174	4.347826087	8.695652174	0	8.695652174	0	0
18	9	9	2409.027	0	0	11.83333333	9	0	2	0.5	5.555555556	0	0	0	5.555555556	0	0	16.66666667	16.66666667	11.11111111	0	0	0	0	33.33333333	0	0	5.555555556	5.555555556	0
17	-2	6	2148.3312	0	0	5.71875	6	1	1	0.352941176	0	0	0	29.41176471	0	0	11.76470588	5.882352941	0	17.64705882	0	5.882352941	5.882352941	5.882352941	5.882352941	0	0	5.882352941	0	5.882352941
14	2	8	1897.2229	0	0	10.5	9	0	5	0.642857143	0	0	0	0	7.142857143	0	0	7.142857143	14.28571429	0	0	7.142857143	0	7.142857143	0	0	7.142857143	21.42857143	21.42857143	7.142857143
17	1	3	1812.8468	0	0	6	4	2	2	0.235294118	0	0	0	0	5.882352941	11.76470588	5.882352941	0	0	5.882352941	0	11.76470588	0	11.76470588	0	29.41176471	5.882352941	5.882352941	0	5.882352941
27	0	11	2786.1472	1	0	7.925	7	9	1	0.259259259	3.703703704	3.703703704	7.407407407	3.703703704	3.703703704	18.51851852	0	0	3.703703704	11.11111111	3.703703704	0	14.81481481	3.703703704	7.407407407	7.407407407	3.703703704	3.703703704	0	0
24	1	9	2583.8503	0	0	8.292857143	6	5	1	0.25	4.166666667	0	8.333333333	4.166666667	0	8.333333333	0	0	8.333333333	12.5	0	0	12.5	0	8.333333333	20.83333333	4.166666667	4.166666667	4.166666667	0
8	-2	3	884.8873	0	0	4.25	1	2	0	0.125	12.5	0	0	25	0	0	0	0	0	0	0	0	25	25	0	12.5	0	0	0	0
12	4	7	1565.948	0	0	11.5	6	2	2	0.5	0	0	0	0	0	8.333333333	0	33.33333333	16.66666667	0	0	0	8.333333333	0	16.66666667	0	0	0	16.66666667	0
37	-1	10	4249.74	1	0	7.653333333	11	7	4	0.297297297	0	2.702702703	5.405405405	16.21621622	5.405405405	18.91891892	0	0	8.108108108	10.81081081	2.702702703	0	0	0	10.81081081	2.702702703	5.405405405	5.405405405	2.702702703	2.702702703
5	1	4	583.6791	0	0	6	3	1	1	0.6	20	0	0	0	20	0	20	0	0	20	0	0	20	0	0	0	0	0	0	0
9	0	6	1137.3287	0	0	7	6	1	3	0.666666667	0	0	0	0	22.22222222	11.11111111	0	0	0	33.33333333	0	11.11111111	0	11.11111111	0	0	0	0	11.11111111	0
22	3	11	2657.2665	1	0	9.58	11	1	2	0.5	0	4.545454545	4.545454545	0	4.545454545	4.545454545	0	31.81818182	13.63636364	9.090909091	0	4.545454545	0	9.090909091	4.545454545	0	4.545454545	0	4.545454545	0
26	0	12	2982.3486	0	0	6.20625	11	3	2	0.423076923	11.53846154	0	3.846153846	11.53846154	0	3.846153846	7.692307692	3.846153846	7.692307692	3.846153846	7.692307692	3.846153846	7.692307692	3.846153846	0	3.846153846	3.846153846	7.692307692	3.846153846	3.846153846
32	-1	10	3571.9011	2	1	5.542857143	12	8	5	0.375	6.25	6.25	6.25	6.25	0	15.625	6.25	6.25	3.125	6.25	0	3.125	9.375	6.25	0	0	0	3.125	0	15.625
48	-3	21	5580.301	1	0	6.609090909	22	2	6	0.458333333	8.333333333	2.083333333	6.25	8.333333333	6.25	0	0	6.25	6.25	2.083333333	6.25	6.25	4.166666667	6.25	2.083333333	4.166666667	8.333333333	10.41666667	0	6.25
42	4	15	4676.4244	2	1	8.621428571	14	5	2	0.333333333	7.142857143	4.761904762	7.142857143	4.761904762	4.761904762	9.523809524	0	4.761904762	14.28571429	14.28571429	0	2.380952381	2.380952381	7.142857143	7.142857143	4.761904762	2.380952381	2.380952381	0	0
36	18	18	4962.0315	0	0	12.5	18	0	4	0.5	0	0	0	0	0	0	0	0	0	0	0	0	0	0	50	0	0	38.88888889	11.11111111	0
25	9	9	2952.5166	2	1	11.33333333	8	2	1	0.32	12	8	0	0	4	4	4	8	8	8	0	4	4	4	24	4	4	0	0	0
32	1	11	3685.0626	0	0	7.55	10	3	2	0.3125	6.25	0	3.125	15.625	3.125	3.125	3.125	0	12.5	6.25	0	6.25	6.25	3.125	6.25	9.375	0	12.5	0	3.125
22	0	2	1629.5614	0	0	8.2	1	16	0	0.045454545	4.545454545	0	4.545454545	0	0	68.18181818	0	0	0	0	0	0	4.545454545	4.545454545	4.545454545	4.545454545	4.545454545	0	0	0
22	0	8	2498.7656	1	0	6.9	5	3	1	0.227272727	0	4.545454545	4.545454545	9.090909091	4.545454545	0	4.545454545	4.545454545	4.545454545	9.090909091	0	9.090909091	13.63636364	0	4.545454545	9.090909091	13.63636364	4.545454545	0	0
19	4	4	2253.5661	2	1	9.708333333	4	2	2	0.210526316	0	10.52631579	0	5.263157895	10.52631579	10.52631579	5.263157895	10.52631579	5.263157895	0	0	5.263157895	0	5.263157895	15.78947368	5.263157895	10.52631579	0	0	0
37	1	11	4335.7085	0	0	8.266666667	8	8	4	0.216216216	0	0	13.51351351	5.405405405	5.405405405	10.81081081	0	0	5.405405405	8.108108108	0	0	10.81081081	2.702702703	16.21621622	8.108108108	5.405405405	2.702702703	2.702702703	2.702702703
35	-3	8	4088.4828	4	2	5.69	12	5	8	0.342857143	0	11.42857143	8.571428571	2.857142857	5.714285714	8.571428571	0	2.857142857	0	8.571428571	0	0	5.714285714	5.714285714	2.857142857	5.714285714	14.28571429	0	0	17.14285714
19	3	10	1959.3755	0	0	10.5	10	2	1	0.526315789	10.52631579	0	0	0	5.263157895	10.52631579	0	10.52631579	15.78947368	15.78947368	0	5.263157895	0	0	0	10.52631579	5.263157895	10.52631579	0	0
20	-5	8	2273.4051	0	0	4.3	8	1	1	0.4	0	0	20	10	0	0	5	0	0	25	0	5	5	0	0	15	0	10	0	5
18	7	6	2146.663	0	0	10.5	6	2	2	0.333333333	0	0	0	0	11.11111111	11.11111111	0	11.11111111	38.88888889	11.11111111	0	5.555555556	0	11.11111111	0	0	0	0	0	0
29	0	14	3210.7245	1	0	7.74375	10	6	1	0.344827586	3.448275862	3.448275862	10.34482759	3.448275862	3.448275862	6.896551724	0	0	6.896551724	13.79310345	3.448275862	3.448275862	13.79310345	3.448275862	6.896551724	0	6.896551724	10.34482759	0	0
44	4	16	4969.6002	5	2	7.475	14	5	4	0.318181818	11.36363636	11.36363636	0	6.818181818	0	4.545454545	6.818181818	2.272727273	6.818181818	4.545454545	0	6.818181818	6.818181818	4.545454545	2.272727273	4.545454545	6.818181818	4.545454545	6.818181818	2.272727273
37	5	15	4285.8646	2	1	9.821428571	15	4	6	0.405405405	8.108108108	5.405405405	0	2.702702703	2.702702703	5.405405405	2.702702703	5.405405405	5.405405405	2.702702703	0	5.405405405	5.405405405	0	8.108108108	10.81081081	8.108108108	8.108108108	8.108108108	5.405405405
26	3	15	3027.5285	0	0	9.488888889	12	3	1	0.461538462	15.38461538	0	3.846153846	7.692307692	0	0	0	0	3.846153846	15.38461538	0	0	11.53846154	3.846153846	19.23076923	3.846153846	0	11.53846154	3.846153846	0
10	3	2	1351.5376	0	0	10.45	3	0	1	0.3	10	0	0	10	0	0	0	0	10	0	10	10	0	10	30	0	0	0	0	10
24	7	11	2703.259	0	0	10.42857143	9	4	1	0.375	8.333333333	0	0	0	0	8.333333333	4.166666667	0	16.66666667	16.66666667	4.166666667	0	8.333333333	4.166666667	8.333333333	8.333333333	4.166666667	4.166666667	4.166666667	0
27	0	10	2870.1708	0	0	7.258333333	11	2	2	0.407407407	11.11111111	0	7.407407407	3.703703704	3.703703704	7.407407407	0	0	11.11111111	14.81481481	0	3.703703704	0	7.407407407	0	14.81481481	3.703703704	7.407407407	0	3.703703704
43	-1	18	4937.5682	2	1	7.476923077	19	2	3	0.441860465	6.976744186	4.651162791	6.976744186	9.302325581	2.325581395	2.325581395	2.325581395	6.976744186	0	13.95348837	0	2.325581395	2.325581395	2.325581395	11.62790698	11.62790698	0	9.302325581	0	4.651162791
45	-8	22	5523.9594	0	0	4.939285714	18	8	10	0.4	0	0	13.33333333	11.11111111	8.888888889	6.666666667	4.444444444	4.444444444	0	8.888888889	2.222222222	0	11.11111111	2.222222222	2.222222222	6.666666667	2.222222222	2.222222222	11.11111111	2.222222222
11	3	7	1383.6455	0	0	12.5	7	1	2	0.636363636	18.18181818	0	0	0	0	9.090909091	0	0	0	18.18181818	0	0	0	0	27.27272727	0	0	9.090909091	18.18181818	0
49	2	20	5491.1616	0	0	7.5125	18	11	5	0.367346939	6.12244898	0	6.12244898	8.163265306	4.081632653	16.32653061	4.081632653	2.040816327	8.163265306	12.24489796	2.040816327	4.081632653	6.12244898	2.040816327	6.12244898	2.040816327	0	4.081632653	4.081632653	2.040816327
16	3	7	2174.5917	0	0	10.45	8	2	4	0.5	0	0	0	6.25	6.25	6.25	0	6.25	6.25	6.25	12.5	0	6.25	6.25	18.75	0	0	0	6.25	12.5
32	0	11	3767.2504	2	1	8.258333333	13	4	5	0.40625	0	6.25	6.25	3.125	3.125	9.375	0	9.375	0	6.25	0	0	3.125	9.375	9.375	6.25	6.25	9.375	3.125	9.375
32	7	8	3648.1316	2	1	11.54444444	8	6	3	0.25	3.125	6.25	3.125	0	6.25	15.625	0	3.125	0	6.25	3.125	3.125	3.125	3.125	25	15.625	0	0	0	3.125
39	6	16	4156.7527	0	0	9.365	16	5	1	0.41025641	17.94871795	0	2.564102564	2.564102564	0	12.82051282	2.564102564	10.25641026	10.25641026	5.128205128	0	2.564102564	0	10.25641026	7.692307692	0	7.692307692	5.128205128	2.564102564	0
6	-1	3	657.7362	0	0	4.25	1	3	0	0.166666667	0	0	0	16.66666667	0	16.66666667	0	0	0	0	16.66666667	0	33.33333333	16.66666667	0	0	0	0	0	0
38	-1	19	4551.0371	0	0	6.722727273	16	3	5	0.421052632	5.263157895	0	7.894736842	7.894736842	7.894736842	0	5.263157895	7.894736842	0	7.894736842	0	0	7.894736842	7.894736842	7.894736842	10.52631579	2.631578947	7.894736842	5.263157895	0
49	2	22	5850.7084	0	0	8.460714286	23	0	5	0.469387755	4.081632653	0	6.12244898	6.12244898	6.12244898	0	0	4.081632653	6.12244898	6.12244898	6.12244898	8.163265306	0	4.081632653	10.20408163	10.20408163	2.040816327	16.32653061	2.040816327	2.040816327
5	-1	3	459.451	0	0	3.9	2	1	0	0.4	40	0	20	0	0	0	0	0	0	0	0	0	20	0	0	20	0	0	0	0
25	6	9	3040.5632	0	0	9.6125	11	3	5	0.44	0	0	4	0	8	12	4	8	16	8	0	0	0	4	8	4	4	8	4	8
29	4	19	3244.0918	0	0	10.5	17	4	2	0.586206897	0	0	0	0	3.448275862	6.896551724	0	24.13793103	13.79310345	13.79310345	0	3.448275862	6.896551724	3.448275862	0	3.448275862	3.448275862	13.79310345	3.448275862	0
12	4	8	1780.1299	0	0	12	6	2	4	0.5	0	0	0	0	0	0	0	8.333333333	8.333333333	8.333333333	0	0	16.66666667	0	25	0	0	0	33.33333333	0
17	1	7	1927.2757	1	0	8.73	7	2	1	0.411764706	5.882352941	5.882352941	5.882352941	5.882352941	5.882352941	11.76470588	0	5.882352941	5.882352941	5.882352941	11.76470588	5.882352941	0	0	11.76470588	5.882352941	0	5.882352941	0	0
45	-6	19	4842.2393	0	0	5.959375	14	6	0	0.311111111	6.666666667	0	8.888888889	15.55555556	0	2.222222222	2.222222222	6.666666667	6.666666667	4.444444444	0	2.222222222	11.11111111	2.222222222	2.222222222	13.33333333	2.222222222	13.33333333	0	0
9	2	5	1033.2246	0	0	8.25	4	1	0	0.444444444	11.11111111	0	0	0	0	0	11.11111111	0	11.11111111	22.22222222	0	0	11.11111111	22.22222222	0	0	0	11.11111111	0	0
32	2	11	3742.2426	1	0	8.56875	11	6	6	0.34375	0	3.125	6.25	3.125	9.375	12.5	0	0	9.375	6.25	3.125	3.125	6.25	3.125	6.25	3.125	9.375	6.25	3.125	6.25
25	10	10	2934.5213	1	0	11.25	9	2	1	0.36	16	4	0	0	4	4	4	8	12	8	0	0	4	4	24	4	4	0	0	0
18	5	4	2212.7359	6	3	12.1	5	2	3	0.277777778	0	33.33333333	0	0	5.555555556	11.11111111	0	5.555555556	5.555555556	0	0	0	0	0	22.22222222	0	0	5.555555556	5.555555556	5.555555556
12	3	8	1286.5635	0	0	10.5	5	4	2	0.416666667	16.66666667	0	0	0	16.66666667	8.333333333	0	0	25	0	0	0	25	0	0	0	0	8.333333333	0	0
50	1	17	5767.4582	0	0	7.694736842	18	2	6	0.36	10	0	6	12	10	4	0	0	16	6	4	4	0	2	4	6	10	4	0	2
47	4	17	5031.5637	1	0	8.304166667	13	11	2	0.276595745	8.510638298	2.127659574	2.127659574	6.382978723	2.127659574	12.76595745	4.255319149	0	4.255319149	8.510638298	2.127659574	6.382978723	10.63829787	4.255319149	8.510638298	8.510638298	2.127659574	4.255319149	0	2.127659574
29	3	13	3216.7058	0	0	8.95	12	5	4	0.413793103	13.79310345	0	3.448275862	3.448275862	6.896551724	6.896551724	0	0	13.79310345	10.34482759	3.448275862	0	10.34482759	3.448275862	3.448275862	6.896551724	6.896551724	0	0	6.896551724
10	-1	8	1138.3552	0	0	3.9	6	2	1	0.6	10	0	10	0	0	0	0	20	0	20	0	0	20	0	0	0	10	0	10	0
26	0	10	2825.1732	0	0	7.258333333	11	2	2	0.423076923	7.692307692	0	7.692307692	3.846153846	3.846153846	7.692307692	0	0	11.53846154	15.38461538	0	3.846153846	0	7.692307692	0	7.692307692	7.692307692	11.53846154	0	3.846153846
21	-19	1	2502.0692	0	0	4.047368421	1	0	0	0.047619048	4.761904762	0	52.38095238	38.0952381	0	0	0	0	0	0	0	4.761904762	0	0	0	0	0	0	0	0
18	0	8	2030.2794	0	0	7.375	9	1	3	0.5	11.11111111	0	0	11.11111111	11.11111111	5.555555556	0	5.555555556	11.11111111	0	0	11.11111111	0	0	0	0	11.11111111	16.66666667	0	5.555555556
50	0	22	5478.1549	1	0	7.816666667	20	4	3	0.4	12	2	4	8	6	4	0	8	6	10	0	6	4	6	6	10	4	4	0	0
10	5	4	1259.626	0	0	10.5	4	0	1	0.4	0	0	0	0	10	0	0	10	50	10	0	0	0	10	0	0	0	10	0	0
37	6	10	3944.4193	2	1	7.842857143	6	11	2	0.162162162	2.702702703	5.405405405	5.405405405	5.405405405	5.405405405	18.91891892	8.108108108	5.405405405	16.21621622	2.702702703	0	5.405405405	10.81081081	0	2.702702703	5.405405405	0	0	0	0
47	1	25	4709.3379	0	0	8.4	23	8	4	0.489361702	17.0212766	0	0	4.255319149	6.382978723	12.76595745	0	10.63829787	4.255319149	6.382978723	2.127659574	4.255319149	4.255319149	2.127659574	2.127659574	17.0212766	0	4.255319149	2.127659574	0
12	6	6	1636.9944	0	0	12.5	6	0	1	0.5	0	0	0	0	0	0	0	0	0	0	0	0	0	0	50	0	0	41.66666667	8.333333333	0
39	10	13	4599.3102	0	0	10.46428571	12	7	6	0.307692308	2.564102564	0	0	5.128205128	10.25641026	12.82051282	0	0	15.38461538	5.128205128	0	2.564102564	5.128205128	2.564102564	15.38461538	7.692307692	2.564102564	7.692307692	2.564102564	2.564102564
35	7	18	3817.6158	0	0	9.727272727	17	5	2	0.485714286	14.28571429	0	0	5.714285714	2.857142857	11.42857143	0	14.28571429	20	5.714285714	0	5.714285714	2.857142857	0	5.714285714	0	0	8.571428571	2.857142857	0
19	-2	0	2009.0042	0	0	6.55	0	4	0	0	0	0	5.263157895	21.05263158	0	21.05263158	0	0	15.78947368	0	0	0	0	15.78947368	0	15.78947368	5.263157895	0	0	0
14	7	7	1764.3345	0	0	10.5	6	1	1	0.428571429	0	0	0	0	0	0	0	0	50	35.71428571	0	0	7.142857143	0	0	0	0	0	7.142857143	0
48	-1	20	5665.3475	0	0	7.388461538	21	3	7	0.4375	10.41666667	0	4.166666667	10.41666667	8.333333333	2.083333333	0	8.333333333	8.333333333	2.083333333	6.25	8.333333333	4.166666667	6.25	4.166666667	6.25	2.083333333	2.083333333	0	6.25
13	-1	6	1541.703	0	0	5.78	6	0	1	0.461538462	7.692307692	0	7.692307692	15.38461538	7.692307692	0	7.692307692	7.692307692	7.692307692	15.38461538	0	15.38461538	0	0	0	0	0	7.692307692	0	0
50	3	16	5810.4697	0	0	7.997368421	15	5	4	0.3	4	0	6	10	4	4	2	2	12	8	2	6	6	2	8	10	4	6	0	4
34	1	13	3601.8514	0	0	7.166666667	11	5	1	0.323529412	14.70588235	0	0	11.76470588	2.941176471	8.823529412	5.882352941	2.941176471	2.941176471	8.823529412	0	11.76470588	5.882352941	2.941176471	5.882352941	11.76470588	0	2.941176471	0	0
34	4	12	3707.3432	0	0	9.1875	12	3	1	0.352941176	5.882352941	0	0	5.882352941	2.941176471	8.823529412	0	5.882352941	14.70588235	14.70588235	2.941176471	0	0	8.823529412	2.941176471	8.823529412	14.70588235	2.941176471	0	0
12	2	1	1277.3001	0	0	12.5	2	2	2	0.166666667	0	0	0	0	8.333333333	16.66666667	0	0	0	0	0	0	0	0	16.66666667	50	0	0	0	8.333333333
41	1	13	4587.1771	0	0	8.093333333	14	8	4	0.341463415	2.43902439	0	2.43902439	14.63414634	4.87804878	19.51219512	0	0	9.756097561	12.19512195	2.43902439	0	0	0	9.756097561	4.87804878	4.87804878	7.317073171	2.43902439	2.43902439
49	5	22	5559.5355	0	0	8.692307692	19	9	2	0.387755102	6.12244898	0	0	8.163265306	0	8.163265306	2.040816327	8.163265306	10.20408163	10.20408163	6.12244898	8.163265306	10.20408163	4.081632653	6.12244898	0	4.081632653	4.081632653	0	4.081632653
25	2	8	2933.3199	0	0	8.033333333	5	3	0	0.2	8	0	4	16	0	0	0	4	24	4	0	4	12	12	4	0	4	4	0	0
47	3	24	5454.3151	1	0	9.072727273	22	3	4	0.468085106	6.382978723	2.127659574	4.255319149	4.255319149	6.382978723	2.127659574	0	0	4.255319149	14.89361702	0	8.510638298	4.255319149	6.382978723	10.63829787	2.127659574	4.255319149	17.0212766	2.127659574	0
18	6	6	2161.6744	0	0	9.71875	6	2	2	0.333333333	0	0	0	5.555555556	11.11111111	11.11111111	0	11.11111111	38.88888889	11.11111111	0	0	0	11.11111111	0	0	0	0	0	0
25	4	11	2890.3624	0	0	9.316666667	11	1	2	0.44	4	0	4	0	4	0	4	8	8	4	4	8	4	0	8	8	12	16	0	4
6	0	4	583.6774	0	0	7	3	2	0	0.5	0	0	0	0	0	16.66666667	0	0	0	0	0	16.66666667	16.66666667	0	0	0	0	50	0	0
15	7	7	1815.3381	0	0	10.5	7	1	2	0.466666667	6.666666667	0	0	0	6.666666667	6.666666667	0	6.666666667	46.66666667	13.33333333	0	0	0	0	0	0	0	6.666666667	6.666666667	0
47	0	18	5009.6723	1	0	7.7875	18	6	2	0.382978723	4.255319149	2.127659574	6.382978723	6.382978723	2.127659574	12.76595745	0	2.127659574	6.382978723	10.63829787	2.127659574	4.255319149	0	0	6.382978723	8.510638298	8.510638298	14.89361702	2.127659574	0
8	0	5	929.0703	0	0	4.95	5	0	1	0.625	0	0	12.5	0	12.5	0	12.5	12.5	0	12.5	0	0	0	0	0	12.5	0	25	0	0
48	1	12	5424.8887	4	2	7.229411765	13	1	3	0.270833333	4.166666667	8.333333333	12.5	4.166666667	4.166666667	2.083333333	6.25	2.083333333	2.083333333	8.333333333	2.083333333	2.083333333	0	0	10.41666667	22.91666667	2.083333333	4.166666667	0	2.083333333
42	2	17	4802.4066	1	0	6.78	15	3	2	0.357142857	4.761904762	2.380952381	4.761904762	4.761904762	4.761904762	2.380952381	7.142857143	14.28571429	4.761904762	7.142857143	2.380952381	11.9047619	4.761904762	7.142857143	2.380952381	4.761904762	7.142857143	2.380952381	0	0
27	3	11	2679.0156	0	0	9	8	9	1	0.296296296	11.11111111	0	0	0	0	18.51851852	3.703703704	3.703703704	7.407407407	3.703703704	3.703703704	0	14.81481481	11.11111111	0	7.407407407	7.407407407	3.703703704	0	3.703703704
43	6	21	5034.9842	0	0	9.53	23	3	6	0.534883721	2.325581395	0	4.651162791	0	6.976744186	4.651162791	2.325581395	9.302325581	6.976744186	9.302325581	4.651162791	2.325581395	2.325581395	0	9.302325581	9.302325581	4.651162791	13.95348837	0	6.976744186
11	4	7	1463.8924	0	0	10.5	7	0	3	0.636363636	0	0	0	0	18.18181818	0	0	9.090909091	36.36363636	27.27272727	0	0	0	0	0	0	0	0	9.090909091	0
47	0	21	5343.0159	2	1	7.51875	21	6	7	0.446808511	8.510638298	4.255319149	2.127659574	6.382978723	6.382978723	6.382978723	2.127659574	0	0	6.382978723	4.255319149	4.255319149	6.382978723	4.255319149	6.382978723	6.382978723	6.382978723	10.63829787	2.127659574	6.382978723
30	-4	13	3429.865	0	0	6.01875	12	5	2	0.4	0	0	3.333333333	16.66666667	0	6.666666667	0	10	3.333333333	16.66666667	0	3.333333333	10	3.333333333	3.333333333	3.333333333	6.666666667	6.666666667	0	6.666666667
39	5	15	4487.2965	0	0	8.816666667	15	5	3	0.384615385	5.128205128	0	0	12.82051282	7.692307692	12.82051282	0	10.25641026	17.94871795	12.82051282	0	0	0	7.692307692	7.692307692	2.564102564	0	2.564102564	0	0
48	3	20	5024.5597	0	0	7.561111111	16	7	1	0.333333333	12.5	0	4.166666667	2.083333333	2.083333333	6.25	4.166666667	4.166666667	6.25	10.41666667	0	8.333333333	8.333333333	6.25	2.083333333	6.25	12.5	4.166666667	0	0
20	1	7	2321.5691	0	0	7.05	6	1	0	0.3	5	0	15	5	0	0	10	0	5	20	5	0	5	0	10	15	5	0	0	0
11	-4	2	1138.0509	0	0	4.1625	1	1	0	0.090909091	9.090909091	0	9.090909091	27.27272727	0	0	0	0	0	0	0	0	9.090909091	0	0	36.36363636	9.090909091	0	0	0
18	-2	5	2072.2503	0	0	6.333333333	6	0	1	0.333333333	11.11111111	0	0	22.22222222	0	0	0	5.555555556	11.11111111	5.555555556	5.555555556	5.555555556	0	5.555555556	0	11.11111111	11.11111111	0	0	5.555555556
12	4	7	1719.9468	0	0	9.25	6	2	6	0.5	0	0	0	0	33.33333333	8.333333333	16.66666667	0	0	0	0	0	8.333333333	0	16.66666667	0	0	0	16.66666667	0
46	6	17	4887.8755	2	1	8.95	17	8	1	0.369565217	2.173913043	4.347826087	4.347826087	4.347826087	2.173913043	17.39130435	0	13.04347826	17.39130435	8.695652174	2.173913043	4.347826087	0	0	4.347826087	4.347826087	2.173913043	8.695652174	0	0
20	-1	6	2285.4074	0	0	7.34	6	5	3	0.3	5	0	15	0	0	15	0	5	0	0	5	5	10	5	10	10	0	0	5	10
49	-3	20	5617.2982	1	0	6.753846154	20	5	6	0.408163265	8.163265306	2.040816327	4.081632653	12.24489796	6.12244898	4.081632653	0	10.20408163	8.163265306	2.040816327	4.081632653	6.12244898	6.12244898	4.081632653	2.040816327	6.12244898	4.081632653	4.081632653	0	6.12244898
32	7	8	3519.9681	0	0	9.173076923	7	4	0	0.21875	6.25	0	0	9.375	0	9.375	3.125	0	18.75	0	0	3.125	3.125	6.25	9.375	9.375	6.25	15.625	0	0
39	4	14	4246.7765	0	0	8.242857143	14	0	1	0.358974359	25.64102564	0	2.564102564	10.25641026	2.564102564	0	0	0	23.07692308	5.128205128	0	0	0	15.38461538	0	2.564102564	10.25641026	2.564102564	0	0
47	-3	21	5496.1401	0	0	6.753846154	20	4	6	0.425531915	10.63829787	0	4.255319149	12.76595745	6.382978723	0	0	6.382978723	8.510638298	4.255319149	4.255319149	6.382978723	8.510638298	6.382978723	2.127659574	4.255319149	4.255319149	4.255319149	0	6.382978723
32	7	8	3630.0932	2	1	11.54444444	8	6	3	0.25	3.125	6.25	3.125	0	6.25	15.625	0	6.25	0	6.25	0	3.125	3.125	3.125	25	15.625	0	0	0	3.125
39	-6	10	4149.3533	0	0	6.128571429	5	11	0	0.128205128	2.564102564	0	5.128205128	20.51282051	0	15.38461538	0	0	7.692307692	10.25641026	0	2.564102564	12.82051282	7.692307692	2.564102564	5.128205128	7.692307692	0	0	0
21	0	8	2090.5317	5	2	7.375	6	7	2	0.285714286	0	23.80952381	0	4.761904762	9.523809524	23.80952381	0	4.761904762	4.761904762	9.523809524	0	0	9.523809524	0	0	4.761904762	0	4.761904762	0	0
49	5	23	5429.271	0	0	9.722222222	18	14	3	0.367346939	4.081632653	0	0	4.081632653	0	16.32653061	2.040816327	0	2.040816327	16.32653061	2.040816327	0	12.24489796	12.24489796	10.20408163	2.040816327	2.040816327	8.163265306	4.081632653	2.040816327
17	6	11	2004.5486	0	0	10.5	11	0	3	0.647058824	23.52941176	0	0	0	11.76470588	0	0	0	35.29411765	23.52941176	0	0	0	0	0	0	0	0	5.882352941	0
15	7	7	1843.3912	0	0	10.5	7	1	2	0.466666667	0	0	0	0	6.666666667	6.666666667	0	6.666666667	46.66666667	13.33333333	0	0	0	0	0	0	0	13.33333333	6.666666667	0
6	1	1	702.757	0	0	10.5	1	0	0	0.166666667	16.66666667	0	0	0	0	0	0	0	16.66666667	0	0	0	0	50	0	0	16.66666667	0	0	0
28	2	11	3411.848	0	0	8.641666667	8	5	4	0.285714286	0	0	10.71428571	7.142857143	14.28571429	7.142857143	0	0	7.142857143	7.142857143	3.571428571	0	10.71428571	3.571428571	17.85714286	7.142857143	0	3.571428571	0	0
17	7	9	1994.5537	0	0	10.5	9	1	3	0.529411765	11.76470588	0	0	0	17.64705882	5.882352941	0	5.882352941	41.17647059	11.76470588	0	0	0	0	0	0	0	5.882352941	0	0
5	2	2	629.7526	0	0	12.5	2	0	0	0.4	0	0	0	0	0	0	0	0	0	20	0	0	0	0	40	20	0	20	0	0
50	4	25	5324.3742	0	0	8.75	23	8	1	0.46	10	0	0	8	0	10	0	6	12	10	6	4	6	0	4	2	8	12	0	2
30	-2	9	3401.6331	1	0	6.83	8	5	2	0.266666667	3.333333333	3.333333333	6.666666667	13.33333333	0	10	3.333333333	3.333333333	0	6.666666667	0	3.333333333	6.666666667	3.333333333	10	10	3.333333333	6.666666667	3.333333333	3.333333333
17	7	8	1938.4474	0	0	10.5	8	2	3	0.470588235	11.76470588	0	0	0	17.64705882	11.76470588	0	5.882352941	41.17647059	5.882352941	0	0	0	0	0	0	0	5.882352941	0	0
33	2	13	3806.3243	0	0	9.4375	15	5	6	0.454545455	0	0	0	3.03030303	6.060606061	12.12121212	0	9.090909091	6.060606061	6.060606061	0	3.03030303	3.03030303	12.12121212	3.03030303	9.090909091	3.03030303	12.12121212	3.03030303	9.090909091
7	2	2	914.0245	0	0	10.35	2	0	0	0.285714286	14.28571429	0	14.28571429	0	0	0	0	0	0	14.28571429	0	0	0	14.28571429	42.85714286	0	0	0	0	0
24	2	10	2702.1798	1	0	9.358333333	9	3	1	0.375	0	4.166666667	4.166666667	4.166666667	4.166666667	8.333333333	0	12.5	4.166666667	8.333333333	0	0	4.166666667	4.166666667	12.5	4.166666667	12.5	12.5	0	0
9	0	5	844.9539	0	0	7	4	4	1	0.444444444	11.11111111	0	0	0	11.11111111	33.33333333	0	0	0	11.11111111	0	0	11.11111111	11.11111111	0	0	0	11.11111111	0	0
37	4	16	3821.6179	2	1	8.9375	16	5	1	0.432432432	13.51351351	5.405405405	0	5.405405405	2.702702703	13.51351351	0	10.81081081	16.21621622	10.81081081	2.702702703	2.702702703	0	2.702702703	0	0	10.81081081	2.702702703	0	0
25	12	9	2990.631	1	0	11.125	8	2	1	0.32	16	4	0	0	4	4	4	8	20	4	0	0	4	4	24	0	4	0	0	0
41	0	12	4374.6302	0	0	6.360714286	9	10	2	0.219512195	7.317073171	0	4.87804878	12.19512195	2.43902439	14.63414634	7.317073171	2.43902439	9.756097561	0	2.43902439	12.19512195	9.756097561	0	0	2.43902439	4.87804878	4.87804878	0	2.43902439
17	4	7	2036.423	0	0	9.875	8	1	1	0.470588235	0	0	0	0	0	5.882352941	5.882352941	17.64705882	11.76470588	11.76470588	0	11.76470588	0	11.76470588	5.882352941	0	0	11.76470588	0	5.882352941
46	7	20	4859.908	2	1	8.811538462	20	9	3	0.434782609	2.173913043	4.347826087	4.347826087	2.173913043	6.52173913	19.56521739	2.173913043	13.04347826	17.39130435	4.347826087	2.173913043	2.173913043	0	0	2.173913043	2.173913043	0	15.2173913	0	0
49	4	22	5732.7484	1	0	7.936111111	22	3	2	0.448979592	8.163265306	2.040816327	8.163265306	6.12244898	2.040816327	4.081632653	4.081632653	6.12244898	10.20408163	18.36734694	4.081632653	0	2.040816327	8.163265306	8.163265306	2.040816327	0	4.081632653	0	2.040816327
18	4	7	2084.3799	0	0	8.983333333	6	3	2	0.333333333	5.555555556	0	5.555555556	0	5.555555556	5.555555556	5.555555556	5.555555556	16.66666667	5.555555556	0	11.11111111	11.11111111	0	5.555555556	5.555555556	0	5.555555556	0	5.555555556
36	-9	16	4210.6641	1	0	5.36	16	3	4	0.444444444	8.333333333	2.777777778	16.66666667	16.66666667	5.555555556	2.777777778	0	11.11111111	8.333333333	2.777777778	5.555555556	0	5.555555556	2.777777778	0	0	0	5.555555556	0	5.555555556
26	2	9	3072.4762	2	1	8.09375	9	0	3	0.346153846	7.692307692	7.692307692	0	11.53846154	11.53846154	0	3.846153846	7.692307692	7.692307692	3.846153846	0	7.692307692	0	3.846153846	7.692307692	7.692307692	7.692307692	3.846153846	0	0
12	4	7	1758.0396	0	0	12.5	6	2	6	0.5	0	0	0	0	33.33333333	8.333333333	0	0	0	0	0	0	8.333333333	0	33.33333333	0	0	0	16.66666667	0
26	5	10	3005.4367	0	0	10.98571429	10	2	2	0.384615385	7.692307692	0	3.846153846	0	3.846153846	3.846153846	0	3.846153846	3.846153846	11.53846154	0	3.846153846	3.846153846	3.846153846	19.23076923	11.53846154	7.692307692	7.692307692	0	3.846153846
28	3	14	3101.7011	1	0	8.664285714	15	2	4	0.535714286	14.28571429	3.571428571	3.571428571	3.571428571	7.142857143	7.142857143	0	0	17.85714286	21.42857143	0	0	0	0	0	7.142857143	3.571428571	3.571428571	3.571428571	3.571428571
19	0	8	2156.3961	0	0	7.925	8	3	3	0.421052632	5.263157895	0	10.52631579	5.263157895	10.52631579	10.52631579	0	0	5.263157895	5.263157895	0	0	5.263157895	0	10.52631579	5.263157895	5.263157895	15.78947368	0	5.263157895
17	6	8	1867.3264	0	0	10.5	8	3	3	0.470588235	11.76470588	0	0	0	17.64705882	17.64705882	0	5.882352941	35.29411765	5.882352941	0	0	0	0	0	0	0	5.882352941	0	0
23	3	5	2546.8413	2	1	9.521428571	5	6	3	0.217391304	4.347826087	8.695652174	4.347826087	4.347826087	8.695652174	21.73913043	0	4.347826087	8.695652174	0	0	4.347826087	4.347826087	4.347826087	13.04347826	4.347826087	0	0	0	4.347826087
9	4	3	1107.3727	1	0	11	3	0	1	0.333333333	11.11111111	11.11111111	0	0	11.11111111	0	0	0	33.33333333	11.11111111	0	11.11111111	0	0	11.11111111	0	0	0	0	0
29	1	7	3361.7117	0	0	7.990909091	8	3	3	0.275862069	0	0	3.448275862	13.79310345	3.448275862	6.896551724	0	6.896551724	13.79310345	6.896551724	0	3.448275862	3.448275862	0	6.896551724	17.24137931	3.448275862	3.448275862	0	6.896551724
32	0	11	3668.977	0	0	7.216666667	9	4	2	0.28125	3.125	0	12.5	6.25	3.125	3.125	3.125	0	9.375	6.25	0	6.25	9.375	6.25	6.25	9.375	0	12.5	0	3.125
18	6	4	2160.6216	4	2	12.5	5	3	2	0.277777778	0	22.22222222	0	0	5.555555556	16.66666667	0	0	0	5.555555556	0	0	0	0	33.33333333	0	0	11.11111111	0	5.555555556
12	5	7	1450.98	0	0	10.5	7	0	0	0.583333333	0	0	0	0	0	0	0	0	41.66666667	58.33333333	0	0	0	0	0	0	0	0	0	0
43	4	13	4530.0848	3	1	8.26875	12	4	1	0.279069767	9.302325581	6.976744186	2.325581395	2.325581395	0	4.651162791	4.651162791	2.325581395	4.651162791	9.302325581	4.651162791	0	4.651162791	4.651162791	4.651162791	23.25581395	9.302325581	0	0	2.325581395
30	0	12	3497.8625	0	0	7.01875	12	4	5	0.4	3.333333333	0	3.333333333	10	6.666666667	6.666666667	3.333333333	6.666666667	6.666666667	6.666666667	0	3.333333333	6.666666667	3.333333333	3.333333333	13.33333333	0	6.666666667	3.333333333	6.666666667
21	1	8	2388.7576	0	0	7.821428571	8	1	1	0.380952381	9.523809524	0	0	14.28571429	4.761904762	4.761904762	0	4.761904762	19.04761905	19.04761905	0	4.761904762	0	9.523809524	0	4.761904762	4.761904762	0	0	0
42	1	18	4483.132	1	0	7.927272727	17	10	4	0.404761905	9.523809524	2.380952381	7.142857143	4.761904762	4.761904762	16.66666667	0	4.761904762	9.523809524	9.523809524	2.380952381	2.380952381	7.142857143	2.380952381	4.761904762	2.380952381	0	4.761904762	0	4.761904762
43	3	13	4521.0547	3	1	9.521428571	12	4	1	0.279069767	6.976744186	6.976744186	2.325581395	2.325581395	0	4.651162791	0	2.325581395	4.651162791	6.976744186	2.325581395	4.651162791	4.651162791	4.651162791	6.976744186	23.25581395	6.976744186	6.976744186	0	2.325581395
15	2	6	1757.9257	0	0	6.108333333	4	3	1	0.266666667	6.666666667	0	6.666666667	6.666666667	6.666666667	6.666666667	20	6.666666667	6.666666667	0	6.666666667	6.666666667	13.33333333	6.666666667	0	0	0	0	0	0
23	-3	7	2546.5713	0	0	5.578571429	9	4	4	0.391304348	17.39130435	0	8.695652174	13.04347826	4.347826087	13.04347826	4.347826087	4.347826087	0	0	0	8.695652174	4.347826087	0	4.347826087	4.347826087	0	0	0	13.04347826
33	8	12	4107.8622	0	0	9.416666667	13	2	6	0.393939394	0	0	0	6.060606061	9.090909091	0	3.03030303	3.03030303	21.21212121	12.12121212	3.03030303	3.03030303	6.060606061	0	6.060606061	12.12121212	3.03030303	3.03030303	0	9.090909091
19	2	11	2129.5677	0	0	8.25	10	3	1	0.526315789	10.52631579	0	0	0	0	5.263157895	5.263157895	0	5.263157895	15.78947368	15.78947368	10.52631579	10.52631579	5.263157895	0	0	5.263157895	5.263157895	0	5.263157895
39	8	16	4862.619	0	0	10.08333333	16	3	7	0.41025641	5.128205128	0	0	5.128205128	10.25641026	0	2.564102564	2.564102564	7.692307692	10.25641026	2.564102564	2.564102564	7.692307692	5.128205128	15.38461538	10.25641026	2.564102564	2.564102564	0	7.692307692
22	2	13	2476.9351	1	0	7.1875	12	3	2	0.545454545	9.090909091	4.545454545	0	4.545454545	4.545454545	4.545454545	9.090909091	4.545454545	0	22.72727273	0	4.545454545	9.090909091	0	4.545454545	0	4.545454545	9.090909091	0	4.545454545
16	8	8	2005.6644	0	0	10.5	7	1	1	0.4375	0	0	0	0	0	0	0	0	50	37.5	0	0	6.25	0	0	0	0	0	6.25	0
39	5	20	4739.6466	1	0	10.46428571	22	1	9	0.564102564	5.128205128	2.564102564	0	2.564102564	15.38461538	2.564102564	0	7.692307692	7.692307692	12.82051282	2.564102564	2.564102564	0	2.564102564	7.692307692	7.692307692	7.692307692	5.128205128	2.564102564	5.128205128
19	0	8	2053.3993	0	0	7.2875	7	3	0	0.368421053	5.263157895	0	10.52631579	10.52631579	0	10.52631579	0	10.52631579	21.05263158	10.52631579	0	0	5.263157895	0	0	0	5.263157895	10.52631579	0	0
41	1	17	4280.8387	3	1	8.292857143	12	8	2	0.292682927	9.756097561	7.317073171	4.87804878	2.43902439	2.43902439	7.317073171	0	0	4.87804878	4.87804878	2.43902439	0	12.19512195	4.87804878	4.87804878	12.19512195	9.756097561	7.317073171	2.43902439	0
18	6	3	2221.7478	6	3	12.16666667	4	2	2	0.222222222	0	33.33333333	0	0	0	11.11111111	0	5.555555556	5.555555556	0	0	0	0	0	27.77777778	0	0	5.555555556	5.555555556	5.555555556
32	3	11	3849.4555	0	0	8.822222222	13	2	4	0.40625	0	0	3.125	6.25	3.125	3.125	0	6.25	12.5	15.625	3.125	6.25	3.125	3.125	6.25	9.375	6.25	3.125	0	9.375
18	0	8	2003.2541	0	0	7.375	9	1	3	0.5	11.11111111	0	0	11.11111111	11.11111111	5.555555556	0	5.555555556	11.11111111	0	0	5.555555556	0	0	0	5.555555556	11.11111111	16.66666667	0	5.555555556
17	-3	4	1795.8149	0	0	5.83	4	3	1	0.235294118	5.882352941	0	5.882352941	17.64705882	5.882352941	17.64705882	0	5.882352941	0	5.882352941	0	11.76470588	0	0	5.882352941	11.76470588	5.882352941	0	0	0
14	1	7	1444.679	1	0	12.5	5	3	0	0.357142857	14.28571429	7.142857143	0	0	0	7.142857143	0	0	0	0	7.142857143	7.142857143	14.28571429	7.142857143	7.142857143	0	14.28571429	14.28571429	0	0
16	2	6	1822.026	0	0	8.9375	5	2	2	0.3125	12.5	0	0	6.25	6.25	0	0	0	18.75	0	0	6.25	12.5	12.5	0	12.5	0	6.25	0	6.25
46	-4	15	5693.2518	2	1	6.775	15	4	7	0.326086957	2.173913043	4.347826087	4.347826087	13.04347826	4.347826087	0	0	4.347826087	2.173913043	4.347826087	4.347826087	6.52173913	8.695652174	10.86956522	6.52173913	4.347826087	6.52173913	2.173913043	2.173913043	8.695652174
38	-2	17	4190.7276	0	0	6.8	17	3	2	0.447368421	13.15789474	0	2.631578947	10.52631579	0	5.263157895	0	7.894736842	5.263157895	7.894736842	2.631578947	0	2.631578947	10.52631579	2.631578947	2.631578947	13.15789474	7.894736842	2.631578947	2.631578947
21	5	9	2185.6941	0	0	10.5	9	4	1	0.428571429	4.761904762	0	0	0	4.761904762	19.04761905	0	14.28571429	23.80952381	19.04761905	0	4.761904762	0	0	0	9.523809524	0	0	0	0
25	4	9	2468.9597	2	1	9.733333333	9	6	1	0.36	12	8	4	0	4	24	0	4	16	8	4	0	0	0	4	4	4	4	0	0
50	3	16	5800.4748	0	0	7.978947368	17	3	4	0.34	6	0	8	8	4	4	2	4	12	10	2	6	2	2	8	10	4	4	0	4
50	3	16	5812.4855	0	0	7.978947368	16	4	4	0.32	4	0	8	8	4	4	2	2	12	10	2	6	4	2	8	10	4	6	0	4
50	-3	20	5540.0474	0	0	6.688461538	19	3	3	0.38	12	0	6	10	4	2	2	2	2	12	2	2	4	6	6	10	12	4	0	2
41	5	12	4806.3397	0	0	8.783333333	7	7	2	0.170731707	2.43902439	0	0	12.19512195	2.43902439	4.87804878	2.43902439	2.43902439	9.756097561	2.43902439	2.43902439	2.43902439	12.19512195	7.317073171	12.19512195	9.756097561	9.756097561	2.43902439	2.43902439	0
18	8	9	2274.8352	0	0	9.9375	8	1	4	0.444444444	5.555555556	0	0	0	16.66666667	0	5.555555556	5.555555556	38.88888889	11.11111111	0	0	5.555555556	0	0	5.555555556	0	0	5.555555556	0
41	-1	14	4781.2513	1	0	7.316666667	15	7	8	0.365853659	2.43902439	2.43902439	9.756097561	2.43902439	7.317073171	9.756097561	0	2.43902439	4.87804878	4.87804878	2.43902439	2.43902439	7.317073171	7.317073171	4.87804878	7.317073171	4.87804878	4.87804878	2.43902439	9.756097561
33	-1	14	3583.9552	0	0	7.4	11	7	2	0.333333333	3.03030303	0	6.060606061	6.060606061	3.03030303	9.090909091	0	0	3.03030303	15.15151515	0	12.12121212	12.12121212	0	6.060606061	6.060606061	6.060606061	9.090909091	0	3.03030303
12	3	4	1520.9106	4	2	12.5	5	0	2	0.416666667	0	33.33333333	0	0	8.333333333	0	0	0	0	8.333333333	0	0	0	0	25	0	0	16.66666667	0	8.333333333
29	6	10	3279.7107	0	0	8.95	7	4	0	0.24137931	6.896551724	0	0	6.896551724	0	3.448275862	6.896551724	0	10.34482759	13.79310345	0	0	10.34482759	10.34482759	10.34482759	13.79310345	3.448275862	3.448275862	0	0
36	5	18	4091.8016	0	0	8.931818182	15	5	3	0.416666667	5.555555556	0	0	8.333333333	8.333333333	5.555555556	2.777777778	8.333333333	11.11111111	2.777777778	0	2.777777778	8.333333333	2.777777778	8.333333333	2.777777778	5.555555556	16.66666667	0	0
12	2	6	1393.6933	0	0	10.5	7	0	1	0.583333333	8.333333333	0	0	0	0	0	0	8.333333333	16.66666667	16.66666667	8.333333333	16.66666667	0	0	0	8.333333333	0	8.333333333	0	8.333333333
6	0	2	566.6917	1	0	7	2	2	0	0.333333333	0	16.66666667	0	0	0	33.33333333	0	0	0	16.66666667	16.66666667	0	0	0	0	16.66666667	0	0	0	0
33	4	19	3823.5951	0	0	10.4	20	1	4	0.606060606	9.090909091	0	3.03030303	0	6.060606061	3.03030303	0	6.060606061	6.060606061	18.18181818	3.03030303	3.03030303	0	3.03030303	9.090909091	6.060606061	6.060606061	12.12121212	3.03030303	3.03030303
17	-1	4	1997.1674	0	0	7.272727273	2	3	0	0.117647059	5.882352941	0	0	35.29411765	0	5.882352941	0	0	23.52941176	0	0	5.882352941	11.76470588	0	5.882352941	0	0	5.882352941	0	0
33	8	16	3930.5512	1	0	9.49	15	3	4	0.454545455	9.090909091	3.03030303	3.03030303	0	6.060606061	3.03030303	9.090909091	6.060606061	3.03030303	9.090909091	0	6.060606061	6.060606061	0	15.15151515	6.060606061	0	9.090909091	3.03030303	3.03030303
11	4	7	1342.7973	0	0	10.5	7	0	1	0.636363636	0	0	0	0	9.090909091	0	0	9.090909091	36.36363636	36.36363636	0	0	0	0	0	0	0	9.090909091	0	0
46	4	20	5017.8698	0	0	7.953571429	20	6	1	0.434782609	4.347826087	0	8.695652174	2.173913043	0	10.86956522	4.347826087	10.86956522	8.695652174	13.04347826	4.347826087	2.173913043	2.173913043	0	6.52173913	8.695652174	2.173913043	8.695652174	0	2.173913043
38	3	17	4231.7744	0	0	9.711111111	17	4	3	0.447368421	13.15789474	0	2.631578947	5.263157895	2.631578947	7.894736842	0	5.263157895	0	10.52631579	0	0	2.631578947	5.263157895	15.78947368	10.52631579	5.263157895	7.894736842	2.631578947	2.631578947
12	4	7	1171.4333	0	0	10.5	7	0	0	0.583333333	41.66666667	0	0	0	0	0	0	0	33.33333333	0	0	0	0	0	0	8.333333333	0	16.66666667	0	0
15	6	8	1800.3234	0	0	10.5	8	1	2	0.533333333	6.666666667	0	0	0	6.666666667	6.666666667	0	6.666666667	40	20	0	0	0	0	0	0	0	6.666666667	6.666666667	0
31	1	11	3652.0718	0	0	8.33	13	4	6	0.419354839	0	0	3.225806452	3.225806452	6.451612903	9.677419355	0	9.677419355	6.451612903	3.225806452	0	3.225806452	3.225806452	12.90322581	3.225806452	9.677419355	3.225806452	9.677419355	3.225806452	9.677419355
20	0	8	1986.0619	0	0	7.925	6	3	0	0.3	30	0	10	5	0	5	0	0	5	0	0	0	10	5	10	15	5	0	0	0
50	3	25	5566.518	3	1	7.345454545	21	6	4	0.42	8	6	4	4	6	2	4	8	10	10	0	6	10	4	0	2	6	8	0	2
46	5	18	4864.7956	2	1	8.18	18	9	3	0.391304348	4.347826087	4.347826087	6.52173913	4.347826087	6.52173913	19.56521739	2.173913043	13.04347826	17.39130435	4.347826087	2.173913043	0	0	0	2.173913043	2.173913043	2.173913043	8.695652174	0	0
16	0	12	1623.9359	1	0	4.95	9	4	1	0.5625	18.75	6.25	6.25	0	6.25	6.25	6.25	6.25	0	0	6.25	0	18.75	0	0	0	0	18.75	0	0
43	1	19	4953.6784	1	0	7.276923077	17	5	3	0.395348837	2.325581395	2.325581395	9.302325581	4.651162791	4.651162791	6.976744186	4.651162791	6.976744186	4.651162791	11.62790698	4.651162791	0	4.651162791	6.976744186	6.976744186	9.302325581	0	6.976744186	2.325581395	0
31	2	11	3398.8826	1	0	8.1125	9	5	1	0.290322581	6.451612903	3.225806452	3.225806452	6.451612903	0	6.451612903	0	3.225806452	16.12903226	9.677419355	0	6.451612903	9.677419355	9.677419355	0	3.225806452	6.451612903	6.451612903	0	3.225806452
14	3	5	1524.7274	0	0	10.45	4	3	0	0.285714286	14.28571429	0	0	7.142857143	0	14.28571429	0	0	7.142857143	14.28571429	0	7.142857143	7.142857143	0	21.42857143	7.142857143	0	0	0	0
41	-1	12	4391.6394	0	0	7.577777778	9	5	0	0.219512195	7.317073171	0	7.317073171	4.87804878	0	4.87804878	0	4.87804878	2.43902439	4.87804878	4.87804878	17.07317073	7.317073171	2.43902439	7.317073171	17.07317073	7.317073171	0	0	0
21	5	10	2322.7951	0	0	8.2	10	4	1	0.476190476	0	0	0	0	4.761904762	19.04761905	14.28571429	14.28571429	4.761904762	28.57142857	0	0	0	4.761904762	4.761904762	4.761904762	0	0	0	0
35	2	10	3778.2987	5	2	7.715	6	7	1	0.171428571	5.714285714	14.28571429	2.857142857	8.571428571	0	5.714285714	2.857142857	0	11.42857143	2.857142857	0	2.857142857	14.28571429	2.857142857	2.857142857	5.714285714	8.571428571	5.714285714	0	2.857142857
37	7	15	4198.7511	0	0	8.981818182	15	3	2	0.405405405	10.81081081	0	5.405405405	0	2.702702703	5.405405405	8.108108108	8.108108108	2.702702703	10.81081081	0	2.702702703	2.702702703	5.405405405	13.51351351	8.108108108	5.405405405	5.405405405	0	2.702702703
19	2	14	2071.5864	0	0	10.5	12	2	2	0.631578947	10.52631579	0	0	0	10.52631579	0	0	21.05263158	10.52631579	21.05263158	0	0	10.52631579	0	0	15.78947368	0	0	0	0
27	3	10	3017.5699	0	0	8.822222222	9	8	2	0.333333333	0	0	3.703703704	7.407407407	0	22.22222222	0	0	14.81481481	14.81481481	7.407407407	0	7.407407407	0	7.407407407	0	3.703703704	3.703703704	3.703703704	3.703703704
